Name,Email,Company Name,Job Title,Message
Sarah Johnson,sarah.johnson@brighttech.com,BrightTech,Operations Manager,We need automation tools for our workflows.
David Lee,david.lee@marketboost.com,MarketBoost,Marketing Director,Interested in AI tools for marketing optimization.
Emily Carter,emily.carter@finlogic.com,FinLogic,CTO,Looking for machine learning solutions for finance.
Michael Brown,michael.brown@retailplus.com,RetailPlus,Founder,Need software to automate inventory management.
Jessica Smith,jessica.smith@healthpro.com,HealthPro,Product Manager,Seeking AI solutions for patient data analysis.
Daniel Wilson,daniel.wilson@edutech.com,Edutech,CEO,Looking for AI tools to improve student engagement.
Laura Martinez,laura.martinez@greenenergy.com,GreenEnergy,Operations Head,Interested in workflow automation for energy management.
James Taylor,james.taylor@finsecure.com,FinSecure,CFO,Need predictive analytics for risk management.
Sophia Anderson,sophia.anderson@foodies.com,Foodies,Marketing Manager,Seeking AI for personalized marketing campaigns.
Robert Thomas,robert.thomas@logistix.com,Logistix,COO,Looking for route optimization software for logistics.
Olivia Jackson,olivia.jackson@medicareplus.com,MedicarePlus,CTO,We want AI tools for patient monitoring and diagnostics.
William White,william.white@buildsmart.com,BuildSmart,Project Manager,Looking for construction project management software.
Isabella Harris,isabella.harris@retailhub.com,RetailHub,Operations Manager,Need AI to manage inventory and sales data.
Ethan Martin,ethan.martin@fintrack.com,FinTrack,Financial Analyst,Looking for AI insights for investment decisions.
Mia Thompson,mia.thompson@techwave.com,TechWave,Product Owner,Interested in automation for software testing.
Alexander Garcia,alex.garcia@mobilityx.com,MobilityX,CTO,We need AI to improve fleet management efficiency.
Amelia Martinez,amelia.martinez@ecofoods.com,EcoFoods,Operations Head,Seeking AI for supply chain optimization.
Benjamin Robinson,benjamin.robinson@insuremax.com,InsureMax,Claims Manager,Looking for AI to detect fraudulent claims.
Charlotte Lewis,charlotte.lewis@smartlearn.com,SmartLearn,Education Director,Want AI to personalize learning experiences for students.
Henry Walker,henry.walker@energex.com,EnergeX,Project Manager,Need predictive AI for energy consumption forecasting.
Evelyn Young,evelyn.young@healthway.com,HealthWay,CEO,Looking for AI-assisted patient scheduling solutions.
Lucas Allen,lucas.allen@marketguru.com,MarketGuru,Marketing Lead,Interested in AI-driven marketing analytics.
Abigail King,abigail.king@techzone.com,TechZone,CTO,Looking for AI-powered automation for internal processes.
Mason Scott,mason.scott@logixpro.com,LogixPro,Operations Head,Need AI tools to optimize warehouse operations.
Harper Green,harper.green@finwise.com,FinWise,CFO,Interested in AI for financial risk assessment.
Logan Adams,logan.adams@meditech.com,MediTech,Product Manager,We want AI for medical data analysis.
Ella Baker,ella.baker@ecoenergy.com,EcoEnergy,Operations Manager,Seeking predictive AI for energy usage optimization.
Jacob Nelson,jacob.nelson@foodmart.com,FoodMart,Marketing Director,Looking for AI to improve customer engagement.
Sofia Carter,sofia.carter@edusmart.com,EduSmart,CTO,Need AI solutions for adaptive learning platforms.
Liam Perez,liam.perez@transportix.com,Transportix,COO,Interested in AI for logistics and route planning.
Aria Collins,aria.collins@retailplus.com,RetailPlus,Operations Head,Want AI to streamline inventory and sales tracking.